,Densitate Populatie,Schimbul de marfuri(%GDP),Zona acoperita de paduri(%),Cheltuieli Militare(%GDP),Acces la electricitate(%)
Densitate Populatie,480416.89020360913,7160.037500568729,-1838.9878656594449,68.53017513727518,1546.5593628222473
Schimbul de marfuri(%GDP),7160.037500568729,1110.7723464574158,66.02532599173067,0.6715901908746663,221.4784670418849
Zona acoperita de paduri(%),-1838.9878656594449,66.02532599173067,492.4664528431371,-9.201379068761414,17.678748844737125
Cheltuieli Militare(%GDP),68.53017513727518,0.6715901908746663,-9.201379068761414,1.7912262383662476,4.185385895351218
Acces la electricitate(%),1546.5593628222473,221.4784670418849,17.678748844737125,4.185385895351218,697.7328778765858
